feature_set,model,fold,n_features,macro_f1,balanced_acc,recall_Low,recall_Moderate,recall_Viral,pr_auc_viral,viral_prevalence
a_metadata,logreg,0,13,0.6727641911196565,0.6973188405797103,0.88,0.5869565217391305,0.625,0.6117200854700855,0.05194805194805195
a_metadata,logreg,1,13,0.672847399829497,0.7261904761904762,0.8901098901098901,0.5384615384615384,0.75,0.643718730355559,0.07741935483870968
a_metadata,logreg,2,13,0.7445415992327519,0.7682367904564543,0.8910891089108911,0.627906976744186,0.7857142857142857,0.76819261403621,0.08860759493670886
a_metadata,logreg,3,13,0.6870397543545012,0.7101648351648352,0.7435897435897436,0.625,0.7619047619047619,0.6938223980530904,0.1510791366906475
a_metadata,logreg,4,13,0.7319650017141409,0.7719932716568545,0.8780487804878049,0.6379310344827587,0.8,0.8072569048884838,0.0967741935483871
a_metadata,xgb,0,13,0.6772829883295,0.6517391304347826,0.89,0.5652173913043478,0.5,0.49049695459579185,0.05194805194805195
a_metadata,xgb,1,13,0.6909318996415771,0.6889499389499391,0.8681318681318682,0.6153846153846154,0.5833333333333334,0.5147040223971463,0.07741935483870968
a_metadata,xgb,2,13,0.6701449275362319,0.6580923873118208,0.8712871287128713,0.6744186046511628,0.42857142857142855,0.5720549183965402,0.08860759493670886
a_metadata,xgb,3,13,0.6217274788703361,0.6073870573870573,0.7435897435897436,0.65,0.42857142857142855,0.6552409820358787,0.1510791366906475
a_metadata,xgb,4,13,0.7886099116868347,0.7866367629193532,0.9024390243902439,0.7241379310344828,0.7333333333333333,0.7924474907808241,0.0967741935483871
b_metadata+content,logreg,0,934,0.6702098383212934,0.6934057971014492,0.89,0.5652173913043478,0.625,0.5761895268474216,0.05194805194805195
b_metadata+content,logreg,1,934,0.6277359326539654,0.6932234432234433,0.8681318681318682,0.46153846153846156,0.75,0.625688404474963,0.07741935483870968
b_metadata+content,logreg,2,934,0.6379525674856178,0.6825652664934267,0.8217821782178217,0.5116279069767442,0.7142857142857143,0.5603836788849036,0.08860759493670886
b_metadata+content,logreg,3,934,0.6433848486992091,0.6472527472527472,0.717948717948718,0.7,0.5238095238095238,0.5951821654099164,0.1510791366906475
b_metadata+content,logreg,4,934,0.7170975752264095,0.7390430800859732,0.8780487804878049,0.6724137931034483,0.6666666666666666,0.6762605266724248,0.0967741935483871
b_metadata+content,xgb,0,934,0.6666188079231558,0.6384782608695653,0.91,0.6304347826086957,0.375,0.5994708994708995,0.05194805194805195
b_metadata+content,xgb,1,934,0.697085558098144,0.6868131868131867,0.945054945054945,0.6153846153846154,0.5,0.548155618890913,0.07741935483870968
b_metadata+content,xgb,2,934,0.7029886321965529,0.685202241154348,0.8811881188118812,0.6744186046511628,0.5,0.5868269191884559,0.08860759493670886
b_metadata+content,xgb,3,934,0.6082704154458718,0.6073565323565323,0.8589743589743589,0.725,0.23809523809523808,0.6179877370812568,0.1510791366906475
b_metadata+content,xgb,4,934,0.7848972692977552,0.7644145406971311,0.9024390243902439,0.7241379310344828,0.6666666666666666,0.7344339484045366,0.0967741935483871
c_metadata+content+jury,logreg,0,946,0.7054293664660584,0.7628260869565217,0.87,0.5434782608695652,0.875,0.47198623448623445,0.05194805194805195
c_metadata+content+jury,logreg,1,946,0.6218208941431184,0.6746031746031745,0.8571428571428571,0.5,0.6666666666666666,0.5361708722563986,0.07741935483870968
c_metadata+content+jury,logreg,2,946,0.5767220027207345,0.6116904049208908,0.8217821782178217,0.4418604651162791,0.5714285714285714,0.5533526385704051,0.08860759493670886
c_metadata+content+jury,logreg,3,946,0.5421768707482993,0.5451465201465201,0.6794871794871795,0.575,0.38095238095238093,0.4261848422167595,0.1510791366906475
c_metadata+content+jury,logreg,4,946,0.7051287532241745,0.7309129987851603,0.8536585365853658,0.6724137931034483,0.6666666666666666,0.7005219748323196,0.0967741935483871
c_metadata+content+jury,xgb,0,946,0.6613756613756613,0.6418115942028986,0.92,0.6304347826086957,0.375,0.5662034370199693,0.05194805194805195
c_metadata+content+jury,xgb,1,946,0.6820437414132412,0.6843711843711845,0.9120879120879121,0.5576923076923077,0.5833333333333334,0.5122083201351494,0.07741935483870968
c_metadata+content+jury,xgb,2,946,0.7307462686567164,0.7167637029483679,0.8811881188118812,0.6976744186046512,0.5714285714285714,0.5673923087560669,0.08860759493670886
c_metadata+content+jury,xgb,3,946,0.5785953177257525,0.5740231990231991,0.8589743589743589,0.625,0.23809523809523808,0.6183796680110996,0.1510791366906475
c_metadata+content+jury,xgb,4,946,0.8046839323364523,0.7964489300065415,0.9146341463414634,0.7413793103448276,0.7333333333333333,0.7628369701915263,0.0967741935483871
