split,slot,n_posts,mean_reward,slot_label
test,0,347,0.4668587896253602,00:00-03:00 UTC
test,1,215,0.4232558139534884,03:00-06:00 UTC
test,2,283,0.22614840989399293,06:00-09:00 UTC
test,3,245,0.3877551020408163,09:00-12:00 UTC
test,4,413,0.3486682808716707,12:00-15:00 UTC
test,5,516,0.42829457364341084,15:00-18:00 UTC
test,6,573,0.34904013961605584,18:00-21:00 UTC
test,7,423,0.3380614657210402,21:00-24:00 UTC
train,0,1409,0.38254080908445703,00:00-03:00 UTC
train,1,765,0.41045751633986927,03:00-06:00 UTC
train,2,860,0.45232558139534884,06:00-09:00 UTC
train,3,982,0.37983706720977595,09:00-12:00 UTC
train,4,1601,0.39600249843847596,12:00-15:00 UTC
train,5,2334,0.4134532990574122,15:00-18:00 UTC
train,6,2455,0.41018329938900205,18:00-21:00 UTC
train,7,1579,0.363521215959468,21:00-24:00 UTC
