variant,bin,mean_pred,observed,n
raw,0,0.0161865421100822,0.00880503144654088,2385
raw,1,0.14072830601128927,0.13450292397660818,171
raw,2,0.2466314156365481,0.2,70
raw,3,0.3477805529036674,0.37209302325581395,43
raw,4,0.45025828568273835,0.3333333333333333,45
raw,5,0.5481928847591192,0.5217391304347826,46
raw,6,0.644772223998943,0.5277777777777778,36
raw,7,0.7545865091241223,0.5681818181818182,44
raw,8,0.8518678758837779,0.6470588235294118,68
raw,9,0.9511179022946649,0.897196261682243,107
calibrated,0,0.0142547749042678,0.008790288823775638,2389
calibrated,1,0.13740983608829133,0.15270935960591134,203
calibrated,2,0.22836533765723285,0.22,50
calibrated,3,0.3610668260567704,0.34615384615384615,26
calibrated,4,0.45899476355971447,0.4262295081967213,61
calibrated,5,0.5427462157617683,0.49206349206349204,63
calibrated,6,0.6796068476299818,0.6666666666666666,6
calibrated,7,0.7515462076363478,0.6142857142857143,70
calibrated,8,0.8639900462564317,0.6481481481481481,54
calibrated,9,0.9492184568540712,0.9247311827956989,93
