follower_tier,arm,n,successes,posterior_mean,ci_low,ci_high
0,medium · 0 tags · question,44,24,0.5434782608695652,0.3999734964036788,0.6833991770025765
0,medium · 1-5 tags · question,39,21,0.5365853658536586,0.3849067945340133,0.6848802933650138
0,long · 1-5 tags · no question,70,36,0.5138888888888888,0.3992151677611295,0.6278313090712161
0,short · 0 tags · question,26,13,0.5,0.3194965461333835,0.6805034538666164
0,long · 0 tags · question,17,8,0.47368421052631576,0.26019058289509706,0.6924283410012437
0,medium · 6+ tags · question,35,16,0.4594594594594595,0.30405058871626633,0.6190232059106163
0,long · 6+ tags · question,204,91,0.44660194174757284,0.37944042268615213,0.5147457657565695
0,medium · 0 tags · no question,172,76,0.4425287356321839,0.3696580025081557,0.5166511857967768
0,short · 0 tags · no question,620,273,0.4405144694533762,0.4017258974115188,0.47966539979028594
0,short · 6+ tags · no question,46,19,0.4166666666666667,0.282579006783499,0.557336157510427
0,long · 6+ tags · no question,602,239,0.3973509933774834,0.3586942968779128,0.4366516070043838
0,long · 1-5 tags · question,35,13,0.3783783783783784,0.23142440166214276,0.537790999831836
0,medium · 6+ tags · no question,497,186,0.374749498997996,0.33281618008486924,0.41763384257609254
0,medium · 1-5 tags · no question,234,82,0.3516949152542373,0.29215677692853387,0.4136141322898542
0,short · 1-5 tags · question,13,4,0.3333333333333333,0.1275984298591596,0.5810352571836608
0,short · 6+ tags · question,1,0,0.3333333333333333,0.01257911709342505,0.841886116991581
0,long · 0 tags · no question,43,13,0.3111111111111111,0.18609883717487,0.45202184808405527
0,short · 1-5 tags · no question,313,91,0.2920634920634921,0.24322433826195838,0.34340353038294985
1,long · 1-5 tags · no question,116,62,0.5338983050847458,0.44388984483304844,0.6228179341048534
1,long · 0 tags · no question,65,34,0.5223880597014925,0.403420053441725,0.6400892442500233
1,long · 6+ tags · question,234,109,0.4661016949152542,0.40292123151568887,0.5298264667174104
1,short · 0 tags · no question,551,247,0.4484629294755877,0.4072419062828467,0.490037068486007
1,long · 6+ tags · no question,552,238,0.4314079422382672,0.3904540780167484,0.4728309272197847
1,medium · 6+ tags · question,43,18,0.4222222222222222,0.28349372808928663,0.5675035727478288
1,long · 0 tags · question,41,17,0.4186046511627907,0.2772067477996278,0.5671791092799632
1,medium · 1-5 tags · question,80,31,0.3902439024390244,0.28813582777420105,0.49742503984491576
1,long · 1-5 tags · question,69,26,0.38028169014084506,0.27172004506984243,0.4952341373566867
1,medium · 1-5 tags · no question,317,119,0.3761755485893417,0.3238738080463701,0.4299480643049833
1,medium · 0 tags · no question,159,59,0.37267080745341613,0.2998228000599538,0.44851570877097985
1,short · 0 tags · question,37,13,0.358974358974359,0.21812503509615175,0.5135267551606642
1,medium · 0 tags · question,57,19,0.3389830508474576,0.22490093436633676,0.46340621867316684
1,short · 1-5 tags · no question,300,99,0.33112582781456956,0.27924003181607143,0.38513029179983127
1,medium · 6+ tags · no question,313,89,0.2857142857142857,0.23723994688674024,0.3367658340878294
1,short · 1-5 tags · question,13,3,0.26666666666666666,0.08388931830712752,0.5079756770484718
1,short · 6+ tags · no question,28,7,0.26666666666666666,0.12734011410223015,0.43540034598853333
2,medium · 0 tags · question,54,27,0.5,0.37070534510532216,0.6292946548946778
2,short · 0 tags · no question,566,268,0.4735915492957746,0.43266931818526255,0.5146899446763935
2,long · 0 tags · no question,92,43,0.46808510638297873,0.3686210408311143,0.5688361445989112
2,medium · 6+ tags · no question,276,124,0.44964028776978415,0.3916571455538017,0.5083098672433183
2,medium · 0 tags · no question,227,101,0.44541484716157204,0.3816953690074302,0.5100375936778734
2,short · 1-5 tags · question,25,11,0.4444444444444444,0.26587121742295106,0.6308196190760333
2,long · 6+ tags · no question,528,203,0.3849056603773585,0.3439495219407772,0.4266845939822701
2,long · 0 tags · question,37,14,0.38461538461538464,0.24038789364403543,0.5400572140755622
2,short · 1-5 tags · no question,311,116,0.3738019169329074,0.3210929782742043,0.42803855806463276
2,long · 6+ tags · question,229,83,0.36363636363636365,0.3029192088083553,0.42659031285661236
2,long · 1-5 tags · no question,125,45,0.36220472440944884,0.28115481135260945,0.4473661864206447
2,medium · 1-5 tags · no question,287,100,0.3494809688581315,0.29563745752460413,0.405297874636285
2,short · 6+ tags · question,1,0,0.3333333333333333,0.01257911709342505,0.841886116991581
2,medium · 1-5 tags · question,58,18,0.31666666666666665,0.2062465131416955,0.4386625505876219
2,short · 0 tags · question,33,9,0.2857142857142857,0.15098366442302852,0.44361536830510667
2,long · 1-5 tags · question,62,17,0.28125,0.1789292066388363,0.3965147192934922
2,medium · 6+ tags · question,59,13,0.22950819672131148,0.13383734388884802,0.3419561787346524
2,short · 6+ tags · no question,20,4,0.22727272727272727,0.08217587559302258,0.41906604118352797
3,short · 0 tags · question,95,51,0.5360824742268041,0.4368633940775028,0.6338915476551347
3,long · 1-5 tags · question,110,56,0.5089285714285714,0.4167799552496399,0.6007750242128536
3,short · 0 tags · no question,655,331,0.5053272450532724,0.4671226532390742,0.5435011144525801
3,medium · 0 tags · question,79,39,0.49382716049382713,0.38604788336490936,0.6018953312968145
3,medium · 0 tags · no question,242,114,0.4713114754098361,0.40908332605066544,0.5339851733808396
3,medium · 6+ tags · question,43,20,0.4666666666666667,0.324614216397083,0.6115278775270836
3,short · 1-5 tags · question,28,13,0.4666666666666667,0.294485582951841,0.6430612891960847
3,long · 0 tags · question,71,31,0.4383561643835616,0.3272492156349949,0.5526642096839558
3,long · 1-5 tags · no question,144,62,0.4315068493150685,0.3524510148890098,0.5123406149963783
3,long · 6+ tags · question,170,72,0.42441860465116277,0.35169549541095674,0.49880698526422174
3,medium · 1-5 tags · question,83,34,0.4117647058823529,0.3099940401580744,0.517469993151918
3,short · 6+ tags · question,1,0,0.3333333333333333,0.01257911709342505,0.841886116991581
3,short · 1-5 tags · no question,309,101,0.3279742765273312,0.276971968854814,0.38107232103169386
3,medium · 1-5 tags · no question,386,116,0.3015463917525773,0.25694213591615245,0.3480884517656077
3,long · 6+ tags · no question,316,91,0.2893081761006289,0.24084891438217124,0.3402775400910849
3,long · 0 tags · no question,57,16,0.288135593220339,0.18090697764453914,0.4089635524645635
3,medium · 6+ tags · no question,200,54,0.2722772277227723,0.2132711041539815,0.3355539375689887
3,short · 6+ tags · no question,20,3,0.18181818181818182,0.05446356817840681,0.36342398701698103
