policy,seed,matched_events,mean_reward
linucb,0,0,
linucb,1,0,
linucb,2,0,
linucb,3,0,
linucb,4,0,
linucb,5,0,
linucb,6,0,
linucb,7,0,
linucb,8,0,
linucb,9,0,
lin_ts,0,104,0.34615384615384615
lin_ts,1,103,0.3786407766990291
lin_ts,2,116,0.4482758620689655
lin_ts,3,121,0.39669421487603307
lin_ts,4,131,0.4122137404580153
lin_ts,5,116,0.29310344827586204
lin_ts,6,114,0.3157894736842105
lin_ts,7,126,0.3412698412698413
lin_ts,8,98,0.41836734693877553
lin_ts,9,108,0.39814814814814814
thompson,0,143,0.4825174825174825
thompson,1,147,0.43537414965986393
thompson,2,127,0.5590551181102362
thompson,3,161,0.515527950310559
thompson,4,159,0.5157232704402516
thompson,5,161,0.5279503105590062
thompson,6,148,0.5472972972972973
thompson,7,151,0.5496688741721855
thompson,8,145,0.5586206896551724
thompson,9,180,0.4722222222222222
eps_greedy,0,551,0.5136116152450091
eps_greedy,1,545,0.5027522935779817
eps_greedy,2,556,0.5
eps_greedy,3,551,0.5009074410163339
eps_greedy,4,549,0.4918032786885246
eps_greedy,5,551,0.5045372050816697
eps_greedy,6,542,0.4981549815498155
eps_greedy,7,564,0.4929078014184397
eps_greedy,8,549,0.5027322404371585
eps_greedy,9,548,0.4981751824817518
best_fixed,0,589,0.5008488964346349
best_fixed,1,589,0.5008488964346349
best_fixed,2,589,0.5008488964346349
best_fixed,3,589,0.5008488964346349
best_fixed,4,589,0.5008488964346349
best_fixed,5,589,0.5008488964346349
best_fixed,6,589,0.5008488964346349
best_fixed,7,589,0.5008488964346349
best_fixed,8,589,0.5008488964346349
best_fixed,9,589,0.5008488964346349
random,0,162,0.42592592592592593
random,1,173,0.3583815028901734
random,2,178,0.3595505617977528
random,3,157,0.4140127388535032
random,4,154,0.37662337662337664
random,5,166,0.463855421686747
random,6,171,0.40350877192982454
random,7,170,0.3411764705882353
random,8,164,0.36585365853658536
random,9,165,0.3090909090909091
