comparison,metric,mean_gain,std_gain,folds_better,n_folds,p_one_sided,significant_p05
dummy|none vs history only,macro_f1,-0.43721146296314456,0.01791689620668182,0,5,0.9999996623285233,False
hgb|class_weight vs history only,macro_f1,0.010130892831729188,0.004531290542900535,5,5,0.0037470229615971006,True
hgb|smote vs history only,macro_f1,0.0012448318470103415,0.003684578491698559,2,5,0.24601114778521616,False
lgbm_tuned|class_weight vs history only,macro_f1,0.01673479041812831,0.009566182999513137,5,5,0.008684372020310277,True
lgbm_tuned|smote vs history only,macro_f1,0.013445218078746967,0.00666414649657153,5,5,0.005364412926969413,True
lgbm|class_weight vs history only,macro_f1,0.0066920398065467126,0.010100028679594584,4,5,0.10629041928034821,False
lgbm|smote vs history only,macro_f1,0.009538492704045543,0.010460507245971173,3,5,0.05553645343735232,False
logreg|class_weight vs history only,macro_f1,-0.01300558624050665,0.013786243261795726,1,5,0.9487229116178848,False
logreg|smote vs history only,macro_f1,-0.011902562178299925,0.013243134143074224,1,5,0.9425819265350348,False
rf|class_weight vs history only,macro_f1,-0.018394896838182916,0.004881642299675126,0,5,0.9994568291849488,False
rf|smote vs history only,macro_f1,-0.0014902687970457685,0.007458315512176624,2,5,0.6609268115274194,False
stack|class_weight vs history only,macro_f1,0.0006437129136973807,0.010994261125808775,2,5,0.4510789460748723,False
stack|smote vs history only,macro_f1,0.002323307277887787,0.013646766579530468,3,5,0.36139655293690776,False
vote|class_weight vs history only,macro_f1,0.013482427375375172,0.016046356893236514,4,5,0.06673439672775532,False
vote|smote vs history only,macro_f1,0.01663536288237617,0.009561998693122315,4,5,0.00884402992223325,True
xgb [no history]|class_weight vs history only,macro_f1,-0.3308029179500558,0.021623822956369113,0,5,0.9999978214697844,False
xgb_tuned|class_weight vs history only,macro_f1,0.011169065939151767,0.0071192363019738445,5,5,0.012357483018930825,True
xgb_tuned|smote vs history only,macro_f1,0.014374858529812174,0.009303254070125019,5,5,0.01296736556421444,True
xgb|class_weight vs history only,macro_f1,0.01040212066534607,0.012010938831523257,4,5,0.062435336766286695,False
xgb|smote vs history only,macro_f1,0.010417597504297004,0.005567376926262831,5,5,0.0069361766524487,True
dummy|none vs history only,pr_auc_viral,-0.5928137808994053,0.08634127555472985,0,5,0.9999474954212769,False
hgb|class_weight vs history only,pr_auc_viral,0.010425906574681199,0.014774757688085418,3,5,0.09486376817220098,False
hgb|smote vs history only,pr_auc_viral,0.008563442531961628,0.01756471420349846,3,5,0.1684565508860915,False
lgbm_tuned|class_weight vs history only,pr_auc_viral,0.02229987604653231,0.01568413451238004,5,5,0.016779377018665866,True
lgbm_tuned|smote vs history only,pr_auc_viral,0.01777096711839038,0.012353057988534257,5,5,0.016189696006954447,True
lgbm|class_weight vs history only,pr_auc_viral,0.018295732911275675,0.01536701638301178,5,5,0.028129774606033546,True
lgbm|smote vs history only,pr_auc_viral,0.01714690237340687,0.009124482992314905,5,5,0.006836560231535475,True
logreg|class_weight vs history only,pr_auc_viral,0.005900949388854338,0.01881491984100276,3,5,0.2608847779200933,False
logreg|smote vs history only,pr_auc_viral,0.0022852814179299187,0.019646302008815564,1,5,0.40381247290350397,False
rf|class_weight vs history only,pr_auc_viral,-0.019584866880121454,0.011876079290531779,0,5,0.9894676114843806,False
rf|smote vs history only,pr_auc_viral,-0.020107285961428745,0.015056850106998976,0,5,0.9797530655968508,False
stack|class_weight vs history only,pr_auc_viral,0.023566230524277077,0.01306981308108003,5,5,0.007854666700087082,True
stack|smote vs history only,pr_auc_viral,0.017465484972386015,0.010202249521024451,5,5,0.009325159734561819,True
vote|class_weight vs history only,pr_auc_viral,0.02654495575214245,0.009491011162656248,5,5,0.001666783483746793,True
vote|smote vs history only,pr_auc_viral,0.024281989200880105,0.008728108734045887,5,5,0.0016997358608404308,True
xgb [no history]|class_weight vs history only,pr_auc_viral,-0.5319664040225279,0.07361302191914569,0,5,0.9999571001946423,False
xgb_tuned|class_weight vs history only,pr_auc_viral,0.013871006416716713,0.003989485428000158,5,5,0.0007378575693395152,True
xgb_tuned|smote vs history only,pr_auc_viral,0.014931673142288927,0.009240394466630003,5,5,0.011245372052694151,True
xgb|class_weight vs history only,pr_auc_viral,0.014514782939255066,0.01335265563476377,5,5,0.03596404324627463,True
xgb|smote vs history only,pr_auc_viral,0.013620169771775482,0.016494327549716498,3,5,0.06928076908023051,False
dummy|none vs history only,balanced_acc,-0.4115774120731334,0.03678541702526681,0,5,0.9999924235401912,False
hgb|class_weight vs history only,balanced_acc,-0.01081669720528835,0.005744443058535192,0,5,0.9932095393936007,False
hgb|smote vs history only,balanced_acc,-0.019148114272848925,0.005782828289033703,0,5,0.9991124619268698,False
lgbm_tuned|class_weight vs history only,balanced_acc,0.0038615913087094444,0.009677846446951414,4,5,0.2113490676927225,False
lgbm_tuned|smote vs history only,balanced_acc,-0.0008233994868596551,0.008671608243201765,3,5,0.5788818804335578,False
lgbm|class_weight vs history only,balanced_acc,-0.01587603318803914,0.011318300339464024,1,5,0.9825173432267875,False
lgbm|smote vs history only,balanced_acc,-0.012726456319695888,0.01364284977223216,1,5,0.9473393941030204,False
logreg|class_weight vs history only,balanced_acc,0.004447313564181643,0.017464944401211536,3,5,0.29976897026969596,False
logreg|smote vs history only,balanced_acc,0.004867835089040473,0.017372265716390566,3,5,0.28246406598777396,False
rf|class_weight vs history only,balanced_acc,-0.05261136558600761,0.006212723560070097,0,5,0.9999770934761514,False
rf|smote vs history only,balanced_acc,-0.01970436317954185,0.005496541962106522,0,5,0.9993430641389206,False
stack|class_weight vs history only,balanced_acc,0.019485642779957124,0.018412487098305463,5,5,0.03856162744851118,True
stack|smote vs history only,balanced_acc,0.017989818645541944,0.016926589219358246,4,5,0.038138567846172484,True
vote|class_weight vs history only,balanced_acc,-0.004035075362250384,0.01574173773295217,2,5,0.7013940417876172,False
vote|smote vs history only,balanced_acc,0.003922158227382244,0.009409607283368015,4,5,0.20203682135922996,False
xgb [no history]|class_weight vs history only,balanced_acc,-0.33871001203008283,0.024719157282015736,0,5,0.9999966199284774,False
xgb_tuned|class_weight vs history only,balanced_acc,-0.004638744999606525,0.007100006308827645,1,5,0.8910839027214309,False
xgb_tuned|smote vs history only,balanced_acc,0.004287478664515332,0.012387100531297143,2,5,0.24107766543921766,False
xgb|class_weight vs history only,balanced_acc,-0.003625008900769555,0.012400834444623051,2,5,0.7254950241845517,False
xgb|smote vs history only,balanced_acc,-0.005873044796658533,0.007495956008645724,2,5,0.9226680584704423,False
