model,imbalance,macro_f1_mean,macro_f1_std,balanced_acc_mean,balanced_acc_std,recall_Low_mean,recall_Low_std,recall_Moderate_mean,recall_Moderate_std,recall_Viral_mean,recall_Viral_std,pr_auc_viral_mean,pr_auc_viral_std,viral_prevalence_mean,viral_prevalence_std
lgbm_tuned,class_weight,0.7521738498035273,0.023464854069119537,0.7504833843955132,0.02731340226207403,0.8801619371128208,0.005201134633201356,0.7187616623288905,0.028416987490969353,0.6525265537448284,0.09387911953510492,0.715241057760654,0.11716141335271069,0.10012823522050958,0.03210382482789555
vote,smote,0.7520744222677751,0.02170479483749507,0.750543951314186,0.023615367786879088,0.8897571359015904,0.0027876955792370266,0.7046531397059909,0.0232219202873432,0.6572215783349766,0.08675429723245438,0.7172231709150019,0.10836672516065277,0.10012823522050958,0.03210382482789555
xgb_tuned,smote,0.7498139179152111,0.026542494581699015,0.750909271751319,0.03039571831225758,0.8840730619807082,0.006993611651285683,0.7032237979292054,0.010289429939164818,0.6654309553440438,0.10242079090237245,0.7078728548564107,0.1159904379775105,0.10012823522050958,0.03210382482789555
vote,class_weight,0.7489214867607741,0.027050512484009033,0.7425867177245534,0.031168472514891226,0.8901895132374511,0.006259575361624997,0.7177113627337623,0.03710504652798337,0.6198592772024465,0.10181593802811659,0.7194861374662642,0.10995668496760713,0.10012823522050958,0.03210382482789555
lgbm_tuned,smote,0.7488842774641459,0.023458538994310264,0.7457983935999442,0.02913019992616355,0.8921502193724695,0.007980937123285684,0.6989264357826078,0.017371460021168482,0.646318525644755,0.1011646520202987,0.7107121488325122,0.11515829197186941,0.10012823522050958,0.03210382482789555
xgb_tuned,class_weight,0.7466081253245507,0.02147025774955472,0.7419830480871973,0.026883178481996724,0.882748365038403,0.0069874091654740945,0.7193825011672411,0.029529496791427703,0.6238182780559478,0.09735119936746078,0.7068121881308385,0.11211987449571788,0.10012823522050958,0.03210382482789555
xgb,smote,0.7458566568896959,0.02372199506650294,0.7407487482901451,0.026176143893225447,0.886620444887145,0.003697785054528821,0.7108414921090616,0.00923456128920673,0.6247843078742294,0.08353066176265232,0.7065613514858973,0.1113210686045858,0.10012823522050958,0.03210382482789555
xgb,class_weight,0.7458411800507451,0.025024226161344646,0.7429967841860342,0.02932758000822831,0.8784142186841581,0.007396916621163944,0.7231046373621037,0.030223550000736933,0.6274714965118408,0.10129604784815863,0.7074559646533769,0.11901887329264643,0.10012823522050958,0.03210382482789555
hgb,class_weight,0.7455699522171282,0.02171085339048746,0.7358050958815154,0.027083451531800543,0.8921262387845104,0.006161778972512679,0.7128441000745436,0.022951438660713478,0.6024449487854923,0.09522972054024,0.703367088288803,0.11073993426710617,0.10012823522050958,0.03210382482789555
lgbm,smote,0.7449775520894445,0.028455042023691195,0.7338953367671078,0.03310289936248045,0.8969671559704787,0.004454802059620323,0.7076253227998073,0.0136044163620453,0.5970935315310374,0.1093980235838853,0.7100880840875285,0.11140635097504684,0.10012823522050958,0.03210382482789555
lgbm,class_weight,0.7421310991919456,0.024363947402040752,0.7307457598987647,0.029027189089150744,0.8934968211281513,0.008121251284370816,0.708778405934486,0.031014388007507634,0.5899620526336566,0.09412821482870272,0.7112369146253974,0.12019879479489914,0.10012823522050958,0.03210382482789555
stack,smote,0.7377623666632867,0.014147344021994154,0.7646116117323457,0.01126632429501055,0.8560862864472224,0.005791465799461845,0.6729599227398684,0.034360305109036794,0.7647886260099463,0.06671386483922762,0.7104066666865079,0.10910434969149703,0.10012823522050958,0.03210382482789555
hgb,smote,0.7366838912324093,0.023107628533772986,0.7274736788139549,0.028099173638615783,0.8946435573467442,0.005185370405251201,0.6946219134850129,0.012724356547192726,0.5931555656101075,0.09528465949495214,0.7015046242460834,0.10149969918999983,0.10012823522050958,0.03210382482789555
stack,class_weight,0.7360827722990964,0.013153071699287677,0.7661074358667609,0.007482010012475941,0.8563509353558778,0.011983818015537927,0.6684745365367117,0.03607644452221962,0.7734968357076931,0.058573355028751314,0.7165074122383988,0.11079812282901765,0.10012823522050958,0.03210382482789555
xgb [history only],class_weight,0.735439059385399,0.02100548070806101,0.7466217930868038,0.023586643566683597,0.85866859958831,0.011850853436020069,0.7016937679219563,0.034804851025967726,0.679503011750145,0.10523037802693555,0.6929411817141218,0.11404549014900096,0.10012823522050958,0.03210382482789555
rf,smote,0.7339487905883532,0.025648966080809188,0.7269174299072618,0.027046992083417657,0.8773728778764422,0.008679720753944702,0.7142263569717884,0.025250097131957798,0.5891530548735552,0.09773229633475393,0.672833895752693,0.1118375971891548,0.10012823522050958,0.03210382482789555
logreg,smote,0.723536497207099,0.016080594507644787,0.7514896281758443,0.011521372076889979,0.8625207731421989,0.009156775174482726,0.6355379930109214,0.04007231808647016,0.7564101183744124,0.06376935375338791,0.6952264631320517,0.1162595941054339,0.10012823522050958,0.03210382482789555
logreg,class_weight,0.7224334731448923,0.011962209799491636,0.7510691066509854,0.009772912789148835,0.8567933420797333,0.009534136893396342,0.6440161070487369,0.0463295436192068,0.7523978708244862,0.07247153642758578,0.6988421311029761,0.11692178057691884,0.10012823522050958,0.03210382482789555
rf,class_weight,0.7170441625472159,0.02256289833364546,0.6940104275007961,0.02314297680355137,0.900738593841217,0.012107324193780406,0.7048002140026126,0.0363405880823485,0.47649247465855893,0.08657280337916062,0.6733563148340004,0.11060302401461096,0.10012823522050958,0.03210382482789555
xgb [no history],class_weight,0.40463614143534316,0.021554326932047067,0.407911781056721,0.01684441255900198,0.7141428387946605,0.05062134065029937,0.38884776538032356,0.039417929533788344,0.12074473899517897,0.04147978442071485,0.16097477769159388,0.048223154292298745,0.10012823522050958,0.03210382482789555
dummy,none,0.29822759642225444,0.007516713584631392,0.33504438101367034,0.01577808971076006,0.32992372994133345,0.009714336413313556,0.33958575199710034,0.01581578482517564,0.3356236611025772,0.045924980840855625,0.10012740081471654,0.03000095949925376,0.10012823522050958,0.03210382482789555
