model,imbalance,fold,macro_f1,balanced_acc,recall_Low,recall_Moderate,recall_Viral,pr_auc_viral,viral_prevalence
logreg,class_weight,0,0.7067394529127422,0.7373832102045691,0.8634920634920635,0.7203389830508474,0.6283185840707964,0.49326314167451873,0.04716193656093489
logreg,class_weight,1,0.714673791198988,0.7458581874042242,0.8607322325915291,0.6135770234986945,0.763265306122449,0.7340088159999552,0.10191347753743761
logreg,class_weight,2,0.7239947451185024,0.7520750661375661,0.8451388888888889,0.6015625,0.8095238095238095,0.7819504168989659,0.1315240083507307
logreg,class_weight,3,0.7368283182573991,0.7582078064670567,0.8664359861591695,0.6458923512747875,0.7622950819672131,0.7577488358201568,0.10187891440501044
logreg,class_weight,4,0.7299310582368297,0.761821263041511,0.8481675392670157,0.6387096774193548,0.7985865724381626,0.7272394451212839,0.11816283924843424
logreg,smote,0,0.7028748467139107,0.7358190106367698,0.8679365079365079,0.693502824858757,0.6460176991150443,0.4907369884343333,0.04716193656093489
logreg,smote,1,0.7166862656219668,0.7490473182594738,0.8671931083991385,0.6044386422976501,0.7755102040816326,0.7334809320364738,0.10191347753743761
logreg,smote,2,0.7193156249271135,0.7472966269841269,0.8465277777777778,0.5921875,0.8031746031746032,0.77090256115011,0.1315240083507307
logreg,smote,3,0.7438307967330373,0.7600855980769518,0.8678200692041522,0.6501416430594901,0.7622950819672131,0.7623976224462922,0.10187891440501044
logreg,smote,4,0.7349749520394667,0.7651995869218989,0.8631264023934181,0.6374193548387097,0.7950530035335689,0.7186142115930492,0.11816283924843424
rf,class_weight,0,0.6784348023279579,0.6536266520007333,0.8933333333333333,0.7401129943502824,0.3274336283185841,0.48777958247911385,0.04716193656093489
rf,class_weight,1,0.7231710411520972,0.7007753104521917,0.91816223977028,0.6657963446475196,0.5183673469387755,0.6789876523235634,0.10191347753743761
rf,class_weight,2,0.7294840254135377,0.7095320767195767,0.9006944444444445,0.7421875,0.4857142857142857,0.7666538870253103,0.1315240083507307
rf,class_weight,3,0.7357979605586674,0.7085862470901801,0.9051903114186851,0.6713881019830028,0.5491803278688525,0.7483292432758204,0.10187891440501044
rf,class_weight,4,0.7183329832838198,0.6975318512412989,0.8863126402393419,0.704516129032258,0.5017667844522968,0.6850312090661936,0.11816283924843424
rf,smote,0,0.6889804440147741,0.6802142273838689,0.8704761904761905,0.7542372881355932,0.415929203539823,0.4885023171458462,0.04716193656093489
rf,smote,1,0.7389651768843719,0.7332025931329799,0.8872936109117013,0.6919060052219321,0.6204081632653061,0.6689832574986359,0.10191347753743761
rf,smote,2,0.7531590848365504,0.7496445105820105,0.8840277777777777,0.7109375,0.653968253968254,0.7776025344925475,0.1315240083507307
rf,smote,3,0.7444138549313295,0.7317341677383568,0.8782006920415225,0.6940509915014165,0.6229508196721312,0.7426676658335697,0.10187891440501044
rf,smote,4,0.7442253922747399,0.7397916506990935,0.8668661181750187,0.72,0.6325088339222615,0.6864137037928659,0.11816283924843424
xgb,class_weight,0,0.7059920005100122,0.6962939710157349,0.8819047619047619,0.7556497175141242,0.45132743362831856,0.5023312332460302,0.04716193656093489
xgb,class_weight,1,0.737132748000216,0.7361862508756997,0.8851399856424982,0.6866840731070496,0.636734693877551,0.7267438736311765,0.10191347753743761
xgb,class_weight,2,0.7654169523039965,0.7667080026455025,0.8659722222222223,0.7484375,0.6857142857142857,0.7853902386118139,0.1315240083507307
xgb,class_weight,3,0.7559807024711663,0.7477345225490383,0.8809688581314878,0.6983002832861189,0.6639344262295082,0.7954554318734598,0.10187891440501044
xgb,class_weight,4,0.7646834969683339,0.7680611738441957,0.8780852655198205,0.7264516129032258,0.6996466431095406,0.7273590459044037,0.11816283924843424
xgb,smote,0,0.7050118745545984,0.6953731043606549,0.8850793650793651,0.7231638418079096,0.4778761061946903,0.5131927919075651,0.04716193656093489
xgb,smote,1,0.7469673537066734,0.7436623268381837,0.8822684852835606,0.6997389033942559,0.6489795918367347,0.7337037057574185,0.10191347753743761
xgb,smote,2,0.7534505290899846,0.7503637566137566,0.8909722222222223,0.7125,0.6476190476190476,0.7749764838812776,0.1315240083507307
xgb,smote,3,0.7638292300092683,0.7526219432730352,0.8899653979238754,0.7039660056657224,0.6639344262295082,0.7869095397027774,0.10187891440501044
xgb,smote,4,0.760024297087955,0.7617226103650957,0.8848167539267016,0.7148387096774194,0.6855123674911661,0.7240242361804476,0.11816283924843424
lgbm,class_weight,0,0.7018295237486815,0.6829434718740254,0.8952380952380953,0.7288135593220338,0.4247787610619469,0.5021987084989776,0.04716193656093489
lgbm,class_weight,1,0.7403193207727542,0.7301555288922187,0.9016511127063891,0.6684073107049608,0.6204081632653061,0.7341288543815253,0.10191347753743761
lgbm,class_weight,2,0.7508788451585059,0.7433531746031746,0.8798611111111111,0.7375,0.6126984126984127,0.7830547356688219,0.1315240083507307
lgbm,class_weight,3,0.7512722437349121,0.7366869531173713,0.8961937716262975,0.6827195467422096,0.6311475409836066,0.7990335745847819,0.10187891440501044
lgbm,class_weight,4,0.7663555625448746,0.7605896710070331,0.8945400149588631,0.7264516129032258,0.6607773851590106,0.7377686999928805,0.11816283924843424
lgbm,smote,0,0.6975359826578577,0.6770177602231001,0.9022222222222223,0.7217514124293786,0.40707964601769914,0.5189696221498833,0.04716193656093489
lgbm,smote,1,0.7427119721952531,0.7338971906119468,0.8923187365398421,0.6971279373368147,0.6122448979591837,0.7222788003462405,0.10191347753743761
lgbm,smote,2,0.7521546470713533,0.7460400132275132,0.8923611111111112,0.7171875,0.6285714285714286,0.7868089553170294,0.1315240083507307
lgbm,smote,3,0.7699174160105086,0.7565945159359758,0.8996539792387543,0.6898016997167139,0.680327868852459,0.7916989418801574,0.10187891440501044
lgbm,smote,4,0.7625677425122498,0.7559272038370034,0.8982797307404637,0.712258064516129,0.657243816254417,0.7306841007443325,0.11816283924843424
hgb,class_weight,0,0.7074798368711489,0.6881998439760552,0.8965079365079365,0.7344632768361582,0.4336283185840708,0.5123323518999657,0.04716193656093489
hgb,class_weight,1,0.749024768468598,0.7437482344316028,0.8994974874371859,0.6827676240208878,0.6489795918367347,0.7262711105454918,0.10191347753743761
hgb,class_weight,2,0.7537487988727581,0.7474123677248677,0.8840277777777777,0.7328125,0.6253968253968254,0.7765227346976392,0.1315240083507307
hgb,class_weight,3,0.7570972218042725,0.7436505225128288,0.8920415224913495,0.6954674220963173,0.6434426229508197,0.7838135896496541,0.10187891440501044
hgb,class_weight,4,0.760499135068863,0.7560145107622226,0.8885564697083022,0.7187096774193549,0.6607773851590106,0.717895654651264,0.11816283924843424
hgb,smote,0,0.6955289195177387,0.677786086886132,0.900952380952381,0.7076271186440678,0.4247787610619469,0.5236964948439474,0.04716193656093489
hgb,smote,1,0.7435015347788587,0.7383398761449027,0.8916008614501076,0.6866840731070496,0.636734693877551,0.7244546947075406,0.10191347753743761
hgb,smote,2,0.7469905077831026,0.7394345238095239,0.8930555555555556,0.709375,0.6158730158730159,0.7675918265481944,0.1315240083507307
hgb,smote,3,0.7481186739139262,0.7350937545981702,0.8885813148788927,0.6855524079320113,0.6311475409836066,0.7653665553915487,0.10187891440501044
hgb,smote,4,0.7492798201684202,0.7467141526310455,0.8990276738967838,0.6838709677419355,0.657243816254417,0.7264135497391858,0.11816283924843424
vote,class_weight,0,0.709223047721583,0.6952704031465093,0.8933333333333333,0.75,0.4424778761061947,0.5317985339194361,0.04716193656093489
vote,class_weight,1,0.7337914146536688,0.7303312534323988,0.8966259870782484,0.6657963446475196,0.6285714285714286,0.7286176187263295,0.10191347753743761
vote,class_weight,2,0.7706750132252956,0.7676008597883598,0.88125,0.7421875,0.6793650793650794,0.7963343287000498,0.1315240083507307
vote,class_weight,3,0.7583230650402722,0.7481599338072392,0.8934256055363322,0.6912181303116147,0.6598360655737705,0.8017564497382379,0.10187891440501044
vote,class_weight,4,0.7725948931630509,0.7715711384482598,0.8863126402393419,0.7393548387096774,0.6890459363957597,0.7389237562472678,0.11816283924843424
vote,smote,0,0.7176873461489487,0.7117296119321018,0.8920634920634921,0.7387005649717514,0.504424778761062,0.5325951906878299,0.04716193656093489
vote,smote,1,0.7434143044092085,0.7447423526399158,0.8872936109117013,0.6775456919060052,0.6693877551020408,0.7236323391625048,0.10191347753743761
vote,smote,2,0.7646788351868451,0.7664021164021165,0.8881944444444444,0.70625,0.7047619047619048,0.7956745856646126,0.1315240083507307
vote,smote,3,0.7688240709734045,0.7613489924613979,0.8934256055363322,0.6898016997167139,0.7008196721311475,0.7963765527922604,0.10187891440501044
vote,smote,4,0.7657675546204686,0.768496683135398,0.8878085265519821,0.7109677419354838,0.7067137809187279,0.7378371862678017,0.11816283924843424
stack,class_weight,0,0.7162833731019592,0.7551689717101446,0.8641269841269841,0.7288135593220338,0.672566371681416,0.5282003459006458,0.04716193656093489
stack,class_weight,1,0.7333610136931434,0.7627013952910501,0.8636037329504667,0.6449086161879896,0.7795918367346939,0.7313070289820776,0.10191347753743761
stack,class_weight,2,0.7367882547123897,0.7668981481481482,0.8409722222222222,0.6375,0.8222222222222222,0.7986540212417294,0.1315240083507307
stack,class_weight,3,0.7521929868660499,0.7731949073525782,0.8671280276816609,0.6614730878186968,0.7909836065573771,0.7975774442424055,0.10187891440501044
stack,class_weight,4,0.7417882331219393,0.7725737568318833,0.8459237097980553,0.6696774193548387,0.8021201413427562,0.726798220825136,0.11816283924843424
stack,smote,0,0.7196832220654886,0.7495284362765989,0.8634920634920635,0.730225988700565,0.6548672566371682,0.5279485190904963,0.04716193656093489
stack,smote,1,0.7272438835292591,0.7556815622847011,0.8564249820531228,0.6514360313315927,0.7591836734693878,0.7077869921906509,0.10191347753743761
stack,smote,2,0.7449350060593712,0.7721478174603175,0.8520833333333333,0.6453125,0.819047619047619,0.7970053618068764,0.1315240083507307
stack,smote,3,0.7548831990002194,0.7708586632753964,0.859515570934256,0.6784702549575071,0.7745901639344263,0.7910213393091261,0.10187891440501044
stack,smote,4,0.7420665226620953,0.7748415793647146,0.8489154824233358,0.6593548387096774,0.8162544169611308,0.7282711210353892,0.11816283924843424
xgb_tuned,class_weight,0,0.7097681717003512,0.6962204350099955,0.8901587301587301,0.7471751412429378,0.45132743362831856,0.5141853882502326,0.04716193656093489
xgb_tuned,class_weight,1,0.7465796546721727,0.7466249026343418,0.8901651112706389,0.6762402088772846,0.673469387755102,0.7140991376735246,0.10191347753743761
xgb_tuned,class_weight,2,0.7596487118089043,0.7575892857142857,0.875,0.740625,0.6571428571428571,0.7868338499173391,0.1315240083507307
xgb_tuned,class_weight,3,0.7544745107164245,0.7445912314732072,0.8795847750865052,0.7025495750708215,0.6516393442622951,0.7837184944824991,0.10187891440501044
xgb_tuned,class_weight,4,0.7625695777249009,0.764889385604156,0.8788332086761406,0.7303225806451613,0.6855123674911661,0.735224070330597,0.11816283924843424
xgb_tuned,smote,0,0.7061835087811437,0.6990269296059006,0.8914285714285715,0.7189265536723164,0.48672566371681414,0.5069723537655901,0.04716193656093489
xgb_tuned,smote,1,0.7474919883357384,0.7511860558543058,0.87724335965542,0.6906005221932114,0.6857142857142857,0.726492637528044,0.10191347753743761
xgb_tuned,smote,2,0.7557026277742355,0.7595651455026454,0.8819444444444444,0.7046875,0.692063492063492,0.7897717188424949,0.1315240083507307
xgb_tuned,smote,3,0.775836893915986,0.7741845152669562,0.8782006920415225,0.7025495750708215,0.7418032786885246,0.7841572380691668,0.10187891440501044
xgb_tuned,smote,4,0.763854570768952,0.7705837125267875,0.8915482423335827,0.6993548387096774,0.7208480565371025,0.7319703260767576,0.11816283924843424
lgbm_tuned,class_weight,0,0.7136436878240157,0.704866764598278,0.8863492063492063,0.7415254237288136,0.48672566371681414,0.510632755775067,0.04716193656093489
lgbm_tuned,class_weight,1,0.7475671179387673,0.7503602540508442,0.8822684852835606,0.674934725848564,0.6938775510204082,0.743195262268018,0.10191347753743761
lgbm_tuned,class_weight,2,0.7620587782288045,0.7624917328042328,0.8722222222222222,0.7390625,0.6761904761904762,0.7866956601572107,0.1315240083507307
lgbm_tuned,class_weight,3,0.7640017217799717,0.7575999199961906,0.8788927335640139,0.7053824362606232,0.6885245901639344,0.7963185618650354,0.10187891440501044
lgbm_tuned,class_weight,4,0.773597943246077,0.7770982505280205,0.881077038145101,0.7329032258064516,0.7173144876325088,0.7393630487379393,0.11816283924843424
lgbm_tuned,smote,0,0.7083544796943327,0.6957359592337844,0.9034920634920635,0.7146892655367232,0.4690265486725664,0.5096931407319248,0.04716193656093489
lgbm_tuned,smote,1,0.7486503037554364,0.7488228874608741,0.8837042354630295,0.6892950391644909,0.673469387755102,0.7319430871971393,0.10191347753743761
lgbm_tuned,smote,2,0.7625342399177989,0.761102843915344,0.8868055555555555,0.7203125,0.6761904761904762,0.7809123500527647,0.1315240083507307
lgbm_tuned,smote,3,0.7609258996386502,0.7532643680783728,0.8899653979238754,0.6813031161473088,0.6885245901639344,0.79054121604043,0.10187891440501044
lgbm_tuned,smote,4,0.7639564643145113,0.7700659093113452,0.8967838444278234,0.6890322580645162,0.7243816254416962,0.7404709501403018,0.11816283924843424
xgb [history only],class_weight,0,0.6981483954698692,0.7047630793063521,0.8673015873015874,0.751412429378531,0.49557522123893805,0.497750778384568,0.04716193656093489
xgb [history only],class_weight,1,0.7437146011956758,0.7573058182691579,0.8707824838478104,0.6827676240208878,0.7183673469387755,0.6960688533569581,0.10191347753743761
xgb [history only],class_weight,2,0.7430239761731819,0.7607390873015873,0.8625,0.6578125,0.7619047619047619,0.7781083544237227,0.1315240083507307
xgb [history only],class_weight,3,0.7492107008497281,0.7524818428686828,0.8498269896193772,0.7067988668555241,0.7008196721311475,0.768179347151329,0.10187891440501044
xgb [history only],class_weight,4,0.7430976232385397,0.7578191376882387,0.8429319371727748,0.7096774193548387,0.7208480565371025,0.724598575254031,0.11816283924843424
xgb [no history],class_weight,0,0.38773929696903847,0.3966204546915512,0.6552380952380953,0.384180790960452,0.1504424778761062,0.07757874463092668,0.04716193656093489
xgb [no history],class_weight,1,0.4072407727161815,0.4060589532269079,0.700646087580761,0.37467362924281983,0.14285714285714285,0.17698692160461998,0.10191347753743761
xgb [no history],class_weight,2,0.3778812363619084,0.3872437169312169,0.7125,0.3984375,0.050793650793650794,0.16473270687402314,0.1315240083507307
xgb [no history],class_weight,3,0.4231835076620074,0.4232042007784944,0.7072664359861591,0.4475920679886686,0.11475409836065574,0.1876716099945229,0.10187891440501044
xgb [no history],class_weight,4,0.42713589346758024,0.42643157965543455,0.7950635751682872,0.3393548387096774,0.14487632508833923,0.19790390535387667,0.11816283924843424
dummy,none,0,0.28960350703085136,0.3558688573507833,0.33396825396825397,0.3531073446327684,0.3805309734513274,0.049771680361712235,0.04716193656093489
dummy,none,1,0.3068658978960157,0.3477560177934485,0.3165829145728643,0.35117493472584854,0.37551020408163266,0.10688164740884848,0.10191347753743761
dummy,none,2,0.29876282676302157,0.3250909391534391,0.33125,0.3265625,0.31746031746031744,0.1296523043357424,0.1315240083507307
dummy,none,3,0.29176533340213856,0.3266739910647058,0.32525951557093424,0.31869688385269124,0.3360655737704918,0.10226073899391891,0.10187891440501044
dummy,none,4,0.30414041701924505,0.319832099705975,0.3425579655946148,0.34838709677419355,0.26855123674911663,0.11207063297336065,0.11816283924843424
