persona_id,scroll_stop,emotional_pull,shareability,save_intent,comment_trigger,overall,n_ratings,spread,spearman_vs_engagement,spearman_vs_label,name
p01_genz_meme,3.764705882352941,5.775210084033613,7.572478991596639,2.0535714285714284,4.373949579831932,4.707983193277311,952,1.0160537503951252,-0.028432720285926086,-0.045282745002666665,Gen-Z meme scroller
p04_tech_pro,3.582983193277311,5.426470588235294,6.394957983193278,4.7289915966386555,3.438025210084034,4.714285714285714,952,1.4381777063063625,-0.028638853532168353,-0.03769174640659088,Tech professional
p03_parent,4.112394957983193,6.324579831932773,6.998949579831932,5.245798319327731,3.866596638655462,5.309663865546218,952,1.3485011707075203,-0.09426066614780906,-0.095834867821581,Busy parent
p08_student,4.340694006309148,6.273396424815983,7.115667718191378,5.156677181913775,3.946372239747634,5.366561514195584,951,1.3284643513436734,-0.020936211963051534,-0.02493454491171122,University student
p11_senior,4.207150368033648,6.267087276550999,7.033648790746582,5.427970557308097,4.763406940063091,5.539852786540483,951,1.4354898593163667,-0.09284893422043933,-0.10350688084055325,Retired grandparent
p02_fitness,4.6155462184873945,6.699579831932773,7.5210084033613445,5.706932773109243,4.468487394957983,5.802310924369748,952,1.3350389653006647,-0.06807102994833465,-0.06176091211157799,Fitness enthusiast
p09_entrepreneur,3.9274447949526814,6.636172450052576,7.6961093585699265,6.337539432176656,4.906414300736067,5.900736067297581,951,1.1363420003877123,-0.057958607972517256,-0.065471688814525,Small-business owner
p12_activist,4.742376445846477,6.406940063091483,7.527865404837014,5.822292323869611,6.056782334384858,6.111251314405889,951,1.4731954566915721,-0.10292693644457843,-0.08648436804464925,Socially conscious activist
p06_foodie,5.66281512605042,7.0094537815126055,7.642857142857143,6.682773109243698,5.139705882352941,6.427521008403361,952,1.6653956087767068,-0.09301072269865113,-0.11031971847548877,Foodie
p05_fashion,5.381302521008403,7.376050420168068,8.076680672268907,6.98844537815126,5.56827731092437,6.678151260504202,952,1.1401964273642613,-0.0009510289711894029,-0.008094402207414876,Fashion lover
p07_traveler,5.1838235294117645,7.197478991596639,7.839285714285714,7.684873949579832,5.758403361344538,6.732773109243697,952,1.191248088078985,0.034426437553906626,0.019203425024714525,Travel dreamer
p10_artist,5.9842271293375395,7.53732912723449,8.288117770767613,7.652996845425868,6.0052576235541535,7.093585699263933,951,1.063356588586355,-0.007283452116313454,-0.0163779764182214,Creative artist
