,Gen-Z meme scroller,Fitness enthusiast,Busy parent,Tech professional,Fashion lover,Foodie,Travel dreamer,University student,Small-business owner,Creative artist,Retired grandparent,Socially conscious activist
Gen-Z meme scroller,1.0,0.6032951761086007,0.6800057713557189,0.6857206984716374,0.4351550995861694,0.55047303992817,0.246580591227555,0.7015991596496945,0.5976354887759057,0.3972825295444786,0.6560942297998335,0.6528515901502884
Fitness enthusiast,0.6032951761086007,1.0,0.6652506316920321,0.680171411851429,0.5801191184982708,0.6219849776294708,0.42707982390918886,0.705388874333823,0.6675355841119379,0.4732064340955057,0.6492847061795016,0.6920483007092056
Busy parent,0.6800057713557189,0.6652506316920321,1.0,0.7447837438472188,0.4735340212322363,0.6348981678270726,0.33771878503895025,0.7522136640330916,0.6600854095353547,0.43359293482986977,0.8171125993078214,0.6737292579604643
Tech professional,0.6857206984716374,0.680171411851429,0.7447837438472188,1.0,0.5417519775380061,0.6009099343169626,0.4029953286617219,0.7136999113252315,0.6679364650099828,0.47888009793051345,0.7133927921986236,0.6845010714115892
Fashion lover,0.4351550995861694,0.5801191184982708,0.4735340212322363,0.5417519775380061,1.0,0.5960309796927241,0.47374081648130767,0.49336295916165285,0.5381488001355672,0.5942295020721144,0.487091800234486,0.520535839138513
Foodie,0.55047303992817,0.6219849776294708,0.6348981678270726,0.6009099343169626,0.5960309796927241,1.0,0.449196518459712,0.6203860133146974,0.6069548699806224,0.5405047896328177,0.6618854494132332,0.5767771347596244
Travel dreamer,0.246580591227555,0.42707982390918886,0.33771878503895025,0.4029953286617219,0.47374081648130767,0.449196518459712,1.0,0.3302223508878671,0.3803969643418142,0.5334788407623027,0.38458739936163583,0.37468461247837515
University student,0.7015991596496945,0.705388874333823,0.7522136640330916,0.7136999113252315,0.49336295916165285,0.6203860133146974,0.3302223508878671,1.0,0.6478056971041544,0.430686628386369,0.7246677940139362,0.6935735083789573
Small-business owner,0.5976354887759057,0.6675355841119379,0.6600854095353547,0.6679364650099828,0.5381488001355672,0.6069548699806224,0.3803969643418142,0.6478056971041544,1.0,0.4834522438089448,0.639418523979326,0.7000572506655377
Creative artist,0.3972825295444786,0.4732064340955057,0.43359293482986977,0.47888009793051345,0.5942295020721144,0.5405047896328177,0.5334788407623027,0.430686628386369,0.4834522438089448,1.0,0.468157560414702,0.48374474956191726
Retired grandparent,0.6560942297998335,0.6492847061795016,0.8171125993078214,0.7133927921986236,0.487091800234486,0.6618854494132332,0.38458739936163583,0.7246677940139362,0.639418523979326,0.468157560414702,1.0,0.6823533929307286
Socially conscious activist,0.6528515901502884,0.6920483007092056,0.6737292579604643,0.6845010714115892,0.520535839138513,0.5767771347596244,0.37468461247837515,0.6935735083789573,0.7000572506655377,0.48374474956191726,0.6823533929307286,1.0
