cluster,n_posts,n_accounts,share_Low,share_Moderate,share_Viral,median_engagement_rate,mean_img_brightness,mean_img_contrast,mean_img_colourfulness,mean_img_face_count,mean_img_concept_selfie,mean_img_concept_group_of_friends,mean_img_concept_couple,mean_img_concept_baby,mean_img_concept_pet,mean_img_concept_food,mean_img_concept_drink,mean_img_concept_fashion_outfit,mean_img_concept_makeup,mean_img_concept_fitness,mean_img_concept_landscape,mean_img_concept_beach,mean_img_concept_city,mean_img_concept_home_interior,mean_img_concept_product_photo,mean_img_concept_text,mean_cap_len,mean_cap_emoji_count,mean_cap_hashtag_count,mean_cap_has_question,mean_cap_sentiment,top_hashtags,top_words,description
0,802,277,0.5087281795511222,0.3790523690773067,0.11221945137157108,0.03690036065174951,0.5542497021896339,0.24296990413622518,44.42724909840926,0.3541147132169576,0.31496337,0.0135147795,0.030976502,0.017115053,0.01743375,0.016111426,0.01077714,0.46214125,0.017647069,0.023378871,0.009246178,0.009586406,0.010666859,0.009016399,0.02619172,0.011233253,580.6334164588528,2.9501246882793017,10.173316708229427,0.9014962593516209,0.7340408977556109,"#ootd, #fashion, #ad, #liketkit, #travelblogger, #travel, #blogger, #fashionista","what, all, have, but, can, from, que, love",higher questions; higher caption length; higher sentiment
1,74,25,0.6351351351351351,0.25675675675675674,0.10810810810810811,0.028007573086808527,0.4823823340868765,0.2342346134448031,54.16843533356066,0.32432432432432434,0.22956407,0.01778052,0.013367676,0.020469815,0.089086324,0.116741166,0.01317527,0.0890321,0.10387175,0.24561282,0.0037139542,0.015423267,0.0017044228,0.00075680227,0.02640795,0.013292087,943.918918918919,26.283783783783782,18.824324324324323,0.44594594594594594,0.6417905405405405,"#motivation, #fitness, #gym, #fitfam, #lifestyle, #vollgas, #fitfamgermany, #pump","und, die, ich, das, auch, all, den, have",higher emoji; higher caption length; higher hashtags
2,431,127,0.642691415313225,0.27842227378190254,0.07888631090487239,0.03111087695266194,0.5841348184250148,0.22936048689120334,42.49464700104798,0.2296983758700696,0.047711916,0.0019811874,0.0038394902,0.0035464095,0.0024012462,0.0054179486,0.008342601,0.017618362,0.86260074,0.0017122437,0.00013860837,0.00084486627,9.0488116e-05,0.0021689148,0.03951336,0.0020716193,491.2529002320186,2.7517401392111367,10.403712296983759,0.2273781902552204,0.6671948955916475,"#makeup, #anastasiabeverlyhills, #hudabeauty, #wakeupandmakeup, #beauty, #morphebrushes, #norvina, #bblogger","palette, anastasiabeverlyhills, from, lashes, brow, have, all, look",higher caption length; higher hashtags; lower faces
3,493,156,0.6064908722109533,0.33468559837728196,0.058823529411764705,0.030349866516790783,0.4984705914942848,0.2388853541177459,42.051915891337984,0.34279918864097364,0.055382308,0.003011528,0.009557289,0.00539253,0.0047735455,0.0029804113,0.0019622098,0.030672112,0.0011176578,0.8541675,0.0018334857,0.0070039,0.0038084832,0.0014852986,0.00886637,0.00798537,432.66734279918865,2.3569979716024343,8.989858012170385,0.22515212981744423,0.5406906693711967,"#fitness, #fitfam, #motivation, #fitnessmotivation, #gym, #instagood, #workout, #bodybuilding","have, all, but, what, not, time, more, out",higher caption length; higher hashtags; higher questions
4,2132,422,0.5567542213883677,0.3231707317073171,0.1200750469043152,0.03421487737356194,0.4821693019578057,0.24668908349603463,43.77302242279482,0.5539399624765479,0.7991097,0.014782454,0.029346338,0.009949485,0.019242087,0.006424296,0.008833141,0.044460926,0.009601593,0.016815143,0.0057427823,0.008033187,0.007840619,0.0035712044,0.008661894,0.0075851497,195.84803001876173,1.6135084427767354,5.403846153846154,0.0623827392120075,0.3967490150093808,"#love, #fashion, #ad, #ootd, #model, #photography, #selfie, #style","all, have, can, from, new, out, but, que",lower questions; higher faces; lower caption length
5,370,147,0.6270270270270271,0.3054054054054054,0.06756756756756757,0.02993659445031701,0.4951784196202483,0.2379956993389462,38.714408476779845,0.03783783783783784,0.035184644,0.0018782248,0.0074570565,0.0022716066,0.002733769,0.0049788263,0.004149798,0.00949756,0.0013799382,0.004274721,0.0169143,0.010279023,0.86787635,0.017942224,0.008858442,0.0043234597,252.72702702702702,1.3675675675675676,7.145945945945946,0.12972972972972974,0.33925,"#travel, #vscofrance, #travelblogger, #bestcitybreaks, #architecture, #travelanddestinations, #guardiantravelsnaps, #travelphotography","photo, from, france, che, can, all, but, have",lower faces; lower emoji; lower sentiment
6,365,119,0.5013698630136987,0.32054794520547947,0.1780821917808219,0.03442928039702233,0.47960194763640135,0.23632475831423808,43.63908231713451,0.019178082191780823,0.022570403,0.0014830714,0.011873128,0.0017201076,0.0065502143,0.003546059,0.0012132772,0.0012730547,0.00012595516,0.0032960956,0.8829941,0.035642523,0.016704613,0.0017785446,0.0076415245,0.0015873963,291.24383561643833,1.1753424657534246,7.271232876712329,0.14794520547945206,0.3962046575342465,"#nature, #landscape, #naturelovers, #sunset, #naturephotography, #travelblogger, #earth_shotz, #landscape_lovers","have, what, but, one, from, can, all, like",lower faces; lower emoji; lower questions
7,441,196,0.6145124716553289,0.26303854875283444,0.12244897959183673,0.033339276163308965,0.4455461931640343,0.2538178257515475,44.21182120952879,1.7074829931972788,0.07581243,0.81984013,0.028152613,0.007094162,0.006066769,0.004870706,0.0062453733,0.0272286,0.0013809814,0.0077944025,0.00088483165,0.0017929564,0.0008076392,0.00068696396,0.0063822893,0.004959062,209.36961451247166,1.8594104308390023,4.616780045351474,0.07482993197278912,0.530478231292517,"#love, #tbt, #friends, #fashion, #photooftheday, #nyc, #ad, #family","all, love, day, from, have, out, but, they",higher faces; lower questions; lower hashtags
8,515,219,0.8427184466019417,0.141747572815534,0.015533980582524271,0.018656716417910446,0.5794675618231273,0.23686649315385028,49.584867175937774,0.12427184466019417,0.025119906,0.0068758205,0.013751622,0.02202396,0.023730995,0.03794132,0.015071036,0.037655942,0.048217803,0.01499331,0.006099089,0.0054207137,0.0062914416,0.01291194,0.70412564,0.019769497,339.4601941747573,1.8446601941747574,7.8,0.21165048543689322,0.5386875728155339,"#ad, #love, #fashion, #repost, #accessories, #beauty, #regrann, #jewelry","have, from, que, can, new, these, all, love",lower faces
9,466,153,0.6609442060085837,0.27253218884120173,0.06652360515021459,0.029218939126100768,0.5304812564589496,0.23920753512397583,39.23493012118392,0.18025751072961374,0.038966976,0.0035019275,0.009150539,0.007845205,0.90364146,0.005534122,0.0023199688,0.009052908,0.0017835902,0.00241098,0.0012900023,0.00094399933,0.00037713945,0.0027720155,0.0071286797,0.0032804157,299.1030042918455,2.5257510729613735,9.263948497854077,0.1888412017167382,0.553618025751073,"#dogsofinstagram, #dog, #catsofinstagram, #puppy, #meowvswoof, #weeklyfluff, #dogsofinstaworld, #sendadogphoto","furball, all, from, have, can, love, new, happy",lower faces; higher hashtags; higher emoji
10,460,130,0.6456521739130435,0.23043478260869565,0.12391304347826088,0.030659440981143267,0.5724989877074547,0.23019734918885879,40.69698097956567,0.47608695652173916,0.03698621,0.008652228,0.027230341,0.8443067,0.013358791,0.0039465674,0.0024816396,0.025125362,0.0015703696,0.0051511466,0.00079301983,0.0027602974,0.0012581155,0.011692517,0.009537658,0.0051491065,380.25,2.034782608695652,9.141304347826088,0.25869565217391305,0.574285652173913,"#kids, #momlife, #love, #photography, #momblogger, #momswithcameras, #candidchildhood, #twins","all, have, from, one, her, out, but, what",higher questions; higher faces; higher caption length
11,417,192,0.5179856115107914,0.354916067146283,0.12709832134292565,0.03875570776255708,0.5886265995301782,0.21237993807467376,51.61757603180496,0.0815347721822542,0.045778636,0.0055655953,0.019100413,0.0058601303,0.0011266305,0.0013499601,0.003525484,0.023195708,0.0011161845,0.013304043,0.022831041,0.8450687,0.0050158068,0.0019642953,0.004001488,0.0011958912,244.42685851318944,1.4940047961630696,6.990407673860911,0.12470023980815348,0.39995899280575536,"#beach, #travel, #travelblogger, #ad, #sunset, #sea, #bandosmaldives, #maldives","beach, day, from, but, all, have, what, one",lower faces; lower questions; lower emoji
12,645,276,0.5116279069767442,0.33178294573643413,0.15658914728682172,0.03753910323253389,0.48880173376194236,0.24410324567935918,43.50522240321052,0.6666666666666666,0.07189313,0.020198708,0.8273362,0.013683352,0.0064478866,0.004297014,0.003380167,0.016239133,0.0007417882,0.007980767,0.0043985797,0.008010877,0.0025042922,0.0033287825,0.0054665357,0.004092869,242.71472868217054,1.6651162790697673,5.64031007751938,0.12248062015503876,0.4813449612403101,"#love, #couple, #couplegoals, #ad, #travel, #fashion, #couples, #happy","love, have, but, all, day, what, can, from",higher faces; lower questions; lower hashtags
13,395,120,0.7189873417721518,0.2379746835443038,0.043037974683544304,0.023711891602781244,0.599226328854933,0.23904159374095413,30.893694841331694,0.060759493670886074,0.005498088,0.0019404263,0.0064584194,0.009949558,0.0073024337,0.00798143,0.011147553,0.006336632,0.002235183,0.0026764048,0.0030040157,0.0016158234,0.007623512,0.91214246,0.009525986,0.0045621134,471.44303797468353,1.610126582278481,11.027848101265823,0.29873417721518986,0.5510010126582279,"#currenthomeview, #myhousethismonth, #bhghome, #myhyggehome, #homeinspo, #pursuepretty, #apartmenttherapy, #interiordesign","all, have, from, but, love, day, some, home",lower faces; higher questions; higher caption length
14,1015,232,0.683743842364532,0.25320197044334974,0.06305418719211822,0.02717900656044986,0.5319213586177832,0.2453224649356642,58.73555194454003,0.14088669950738916,0.0071585956,0.0030660713,0.0020646874,0.0023780777,0.0038315232,0.92093766,0.022853516,0.0021314574,0.0023219455,0.0012704913,0.0006934608,0.00046892345,0.0005272528,0.0021663045,0.025168113,0.0029619415,405.3399014778325,2.348768472906404,10.321182266009853,0.22167487684729065,0.5959455172413793,"#feedfeed, #eeeeeats, #foodie, #food, #buzzfeedfood, #ad, #foodporn, #f52grams","have, all, recipe, but, can, from, day, one",lower faces; higher hashtags; higher colourfulness
15,391,202,0.618925831202046,0.3273657289002558,0.05370843989769821,0.029676477742641694,0.5467707773746158,0.24488146921078224,42.86978162173206,0.17902813299232737,0.038137794,0.0039791004,0.0059507387,0.0044193976,0.008247759,0.053336296,0.81289476,0.020298194,0.010258954,0.0045303465,0.0002847319,0.002805173,0.0016041168,0.007305666,0.020747285,0.005199658,272.56777493606137,2.0664961636828645,6.158567774936062,0.1969309462915601,0.5212104859335038,"#ad, #coffee, #foodporn, #coffeetime, #instagood, #feedfeed, #buzzfeedfood, #ootd","all, have, coffee, day, from, can, get, like",lower faces
16,2191,348,0.5271565495207667,0.3486992240985851,0.1241442263806481,0.035895660203139425,0.5264792776771968,0.24131264332586724,38.22847789828582,0.38977635782747605,0.04830128,0.0030824323,0.011124333,0.006482339,0.006889539,0.0027428109,0.0063591716,0.87739325,0.004623384,0.008715913,0.0013329444,0.004341021,0.0023464332,0.0022168697,0.0118199745,0.0022283185,192.27978092195346,1.5732542218165222,5.313099041533547,0.02784116841624829,0.4137006389776358,"#ootd, #fashion, #liketkit, #style, #ad, #model, #fashionblogger, #outfitoftheday","all, from, can, new, but, have, liketoknow, out",lower questions; lower caption length; lower hashtags
17,382,137,0.8534031413612565,0.10732984293193717,0.03926701570680628,0.015116151508413016,0.6327969721527061,0.20856988334454674,33.98243215203276,0.1099476439790576,0.03394797,0.0039976873,0.010558507,0.010454147,0.011660958,0.008433057,0.008117195,0.012980663,0.008669003,0.015953792,0.0013417973,0.0012950726,0.0040476937,0.006376721,0.025710782,0.83645505,254.5628272251309,1.4895287958115184,6.856020942408377,0.17015706806282724,0.44998246073298426,"#love, #reciclaje, #recycling, #photooftheday, #fundarecicla, #motherhood, #inspiration, #reuse","can, have, all, but, what, from, time, not",lower faces; lower emoji; lower colourfulness
