k,silhouette,inertia
2,0.09229741301650174,289301.98987513
3,0.10471155482379581,276764.7267444559
4,0.07898595924284753,266574.8822716719
5,0.043498512821208306,252738.20663657345
6,0.08594634184055758,241883.79415510193
7,0.10405009892827245,230652.461632433
8,0.12452966127967952,217429.14671423423
9,0.1443635320246691,205628.34258405157
10,0.15616496493917428,194557.8695177291
12,0.2107951053282878,171695.84260933986
14,0.24084404513573782,148400.7518286773
16,0.25957977609922445,132529.0249691596
18,0.274625456242327,118759.93022866682
20,0.2656820565608533,114065.90011633186
