,missing_share,n_unique,mean,std,min,max
meta_hour,0.0,24.0,13.275733333333333,6.784470482767071,0.0,23.0
meta_hour_sin,0.0,22.0,-0.2637284929921246,0.672103043761133,-1.0,1.0
meta_hour_cos,0.0,22.0,-0.0027411502466895723,0.6919387979437808,-1.0,1.0
meta_weekday,0.0,7.0,2.95,1.9857566690399344,0.0,6.0
follower_tier,0.0,4.0,1.4963333333333333,1.1203289240287528,0.0,3.0
meta_log_followers,0.0,629.0,4.25652259503072,0.7559822333825604,3.0038911662369103,7.065155071158028
acct_past_median_er,0.0036,11080.0,0.037103289845389215,0.03276634780872726,0.00013542795232936077,0.328274311410905
acct_n_past_posts,0.0,300.0,140.32546666666667,85.27063275342553,0.0,299.0
acct_recent_median_er,0.0036,13601.0,0.04234907948305179,0.03984189103431214,6.771397616468039e-05,0.6579053084648494
acct_past_er_iqr,0.0036,13588.0,0.018209922532753296,0.015971552730464446,0.0,0.24780187573270807
acct_er_trend,0.0036,13866.0,0.11447974609505478,0.39011707808546053,-1.9252322012142582,4.502644207711135
acct_days_since_last,0.0036,14290.0,2.160121748479712,3.556861650200294,1.1574074074074073e-05,79.61459490740741
acct_posts_last_30d,0.0,176.0,21.521066666666666,19.646718702265268,0.0,299.0
img_brightness,0.0,14994.0,0.5314324267766667,0.15260506186368752,0.006372130150888481,1.0
img_contrast,0.0,14996.0,0.23999682058478344,0.05319338893867849,0.0,0.4625473462150231
img_colourfulness,0.0,14749.0,43.41235154694752,22.64271959552469,0.0,238.03271700498448
img_face_count,0.0,11.0,0.3688666666666667,0.711550749551172,0.0,10.0
img_concept_selfie,0.0,14993.0,0.18944472074508667,0.3245169520378113,2.729134251922005e-09,0.9999983310699463
img_concept_group_of_friends,0.0,14996.0,0.03793518245220184,0.16374562680721283,1.9638707327018778e-10,0.999992847442627
img_concept_couple,0.0,14995.0,0.05778881162405014,0.19122329354286194,5.021028731677646e-11,0.9999748468399048
img_concept_baby,0.0,14997.0,0.04584057256579399,0.180508092045784,4.690076660374132e-10,0.999996542930603
img_concept_pet,0.0,14997.0,0.042206745594739914,0.1724526435136795,8.765589365467008e-10,0.9999902248382568
img_concept_food,0.0,14979.0,0.09326313436031342,0.2711341083049774,6.167826249736663e-10,0.9999997615814209
img_concept_drink,0.0,14997.0,0.03325015679001808,0.1483766883611679,3.6048941609578833e-10,0.9999967813491821
img_concept_fashion_outfit,0.0,14961.0,0.20693814754486084,0.36310645937919617,9.584427002051754e-11,0.999997615814209
img_concept_makeup,0.0,14997.0,0.03678584098815918,0.16375604271888733,4.556007481004709e-12,0.9999929666519165
img_concept_fitness,0.0,14997.0,0.04388594254851341,0.17545613646507263,1.1552118150959245e-09,0.9999946355819702
img_concept_landscape,0.0,14996.0,0.030505500733852386,0.15467853844165802,2.671505161186416e-12,0.9999748468399048
img_concept_beach,0.0,14995.0,0.03723189979791641,0.16701939702033997,5.746661393274399e-12,0.9999860525131226
img_concept_city,0.0,14996.0,0.0331137552857399,0.16055189073085785,7.5078233560677e-12,0.9999951124191284
img_concept_home_interior,0.0,14994.0,0.03492456302046776,0.1676175743341446,2.0448540430373363e-11,0.9999971389770508
img_concept_product_photo,0.0,14995.0,0.045021817088127136,0.1569177657365799,2.2712544345271368e-10,0.9997672438621521
img_concept_text,0.0,14997.0,0.03186320513486862,0.15216444432735443,1.4743950504936265e-10,0.9999860525131226
cap_len,0.0,1378.0,300.4787333333333,317.49181703573794,0.0,2199.0
cap_emoji_count,0.0,42.0,2.022,3.06900807874018,0.0,43.0
cap_hashtag_count,0.0,37.0,7.3412,9.648671187459557,0.0,46.0
cap_has_question,0.0,2.0,0.18353333333333333,0.38711605427595924,0.0,1.0
cap_sentiment,0.0,2808.0,0.49427510666666663,0.45332021314007687,-0.9941,0.9996
clip_* (512),0.0,,,0.03486960381269455,,
txt_* (384),0.0,,,0.046045202761888504,,
