,spearman_vs_label,spearman_vs_log_er,mean_Low,mean_Moderate,mean_Viral
acct_recent_median_er,0.7354971070628585,0.8926906613528172,0.022525095834819948,0.05871486397525125,0.11179893059624009
acct_past_median_er,0.6657681505286374,0.8298931206056382,0.021292060020757085,0.05188420340342923,0.08666117017047031
acct_past_er_iqr,0.6114429588143637,0.7375262759818807,0.011507174534315531,0.023974167099971355,0.042549260924683606
acct_er_trend,0.18348777121292564,0.1900623159373438,0.06920080367082472,0.16044665441707065,0.29584742960280536
acct_n_past_posts,0.11556411051411353,0.12447105840683405,133.01321279554938,146.58636995827538,164.79916666666668
img_concept_product_photo,-0.10605615706623112,-0.14679828778823856,0.05858618766069412,0.023610277101397514,0.011886995285749435
acct_days_since_last,0.10109071483157972,0.13604935388940845,2.1251388274364906,2.2544764110883952,2.1056968327454437
img_concept_fashion_outfit,0.09899354257087342,0.0940448045203124,0.18329128623008728,0.24466431140899658,0.25710946321487427
img_concept_selfie,0.09209745699489197,0.09471891776509316,0.17785261571407318,0.21543341875076294,0.2327663153409958
acct_posts_last_30d,-0.08394158169845618,-0.1273537735115554,23.442837273991657,18.392767732962447,18.125
img_concept_couple,0.07963750863269485,0.0653689852799578,0.05095985531806946,0.0669916495680809,0.08990514278411865
img_concept_text,-0.07779739494594737,-0.11172448314449956,0.044790271669626236,0.012928634881973267,0.012755022384226322
img_concept_food,-0.06505874042144726,-0.08454360948250982,0.09770292043685913,0.07431270182132721,0.058304958045482635
img_concept_baby,-0.06246521264264117,-0.07402193026491735,0.04366748407483101,0.031699057668447495,0.04852226376533508
img_concept_home_interior,-0.06128149090094362,-0.09003436697642692,0.04122891649603844,0.027291538193821907,0.015450464561581612
img_concept_makeup,-0.06071639459229518,-0.0890453900579651,0.042168959975242615,0.034952182322740555,0.029151281341910362
cap_emoji_count,0.056534642507764424,0.08580178778723303,1.9770514603616134,2.1235048678720445,2.174166666666667
cap_hashtag_count,-0.05527275912025231,-0.021346872696971806,7.421696801112656,7.327121001390821,6.843333333333334
img_face_count,0.04929291246305731,0.04932394146625522,0.356884561891516,0.3833101529902643,0.45916666666666667
img_brightness,-0.041007854381894165,-0.04001546933180761,0.5330255189329525,0.5196572797437627,0.5126444230015214
img_concept_fitness,-0.03752725193244291,-0.06891614824792638,0.0478944331407547,0.048115313053131104,0.028935976326465607
img_concept_pet,-0.03232479871972675,-0.04714742125194619,0.04994549602270126,0.041817545890808105,0.029385149478912354
img_concept_drink,-0.029422284733089752,-0.04632157714363658,0.03634664788842201,0.035854775458574295,0.019687900319695473
img_concept_group_of_friends,0.027145941345718395,0.011662846731500993,0.03779320791363716,0.03415654972195625,0.04373856261372566
img_concept_beach,0.023471549806004445,0.011586591940004737,0.029934268444776535,0.042108308523893356,0.04587419331073761
img_concept_city,0.021794171704582022,0.0037188009990023006,0.032084137201309204,0.03254147619009018,0.021476775407791138
img_colourfulness,-0.018054524630903675,-0.02399622331090725,43.62219218936106,42.91582178482872,42.73442813487716
cap_has_question,0.01671708898689173,0.01973659072870445,0.17969401947148816,0.19777468706536858,0.18583333333333332
img_concept_landscape,0.015243014825248735,-0.012818854138841344,0.0257533248513937,0.03352222964167595,0.05504952743649483
meta_hour_cos,-0.013438306202980477,-0.008868050201406531,0.002861065484792225,-0.00805495673855478,-0.04094221231107097
cap_len,-0.011832744722495308,0.01010092592649688,300.32280945758,307.4372739916551,313.355
cap_sentiment,-0.011800647014655816,0.002001979965108462,0.4978143393602225,0.49179265646731574,0.4787073333333333
meta_weekday,0.010278012411282275,0.00963508053000806,2.925173852573018,2.951877607788595,2.9983333333333335
img_contrast,0.009521148259027879,0.014978489308511884,0.23912441885760943,0.24062874990179675,0.24130477136819153
meta_log_followers,-0.008622712699880401,-0.21579382088259255,4.260235927084483,4.252659619674924,4.280691876213573
meta_hour,-0.008463910580650456,-0.015389801440659111,13.352851182197497,13.300695410292072,13.235833333333334
meta_hour_sin,-0.00048824243846368594,0.005228241931303548,-0.2756257524474002,-0.28607585753966147,-0.23884253289777646
follower_tier,-0.0001261254576162881,-0.205236623492189,1.5004172461752434,1.5006954102920724,1.4991666666666668
