feature,mean_abs_shap_viral
recent engagement (last 10),0.8465442392582446
engagement volatility,0.370821797796922
image content (CLIP),0.20958288512231563
followers (log),0.16455484781647703
caption meaning (MiniLM),0.11053432487089107
follower tier,0.06457842200175046
past engagement (account),0.05868036318349583
brightness,0.039579714700346394
looks like: product photo,0.037705869052944055
looks like: group of friends,0.03196708165021076
looks like: home interior,0.028292358035316864
looks like: text,0.025995479073536498
looks like: selfie,0.025912518430969693
face count,0.02572420725195445
looks like: fitness,0.025029102347603874
engagement trend,0.023721611780805986
looks like: makeup,0.02293781489044365
caption length,0.022145274727608105
looks like: fashion outfit,0.020058209722602846
days since last post,0.018629998934951833
looks like: drink,0.01831865753042311
looks like: baby,0.018203263852324986
hour (UTC),0.017703358267771675
looks like: couple,0.014096691431262062
contrast,0.012225280264834867
number of past posts,0.012212269534309289
colourfulness,0.011171474118603322
looks like: city,0.010717027779960638
looks like: food,0.008229783879971196
looks like: landscape,0.007069376173842346
posts in last 30 days,0.00684501845841626
weekday,0.006048161474184973
looks like: beach,0.005222164213098881
looks like: pet,0.005020923473509983
caption sentiment,0.00499231429151975
emoji count,0.002783709811184005
hashtag count,0.0019597805659909316
question in caption,0.0006669246400799498
